Rk,G,Date,Age,Tm,Unnamed: 5,Opp,Unnamed: 7,GS,MP,FG,FGA,FG%,3P,3PA,3P%,FT,FTA,FT%,ORB,DRB,TRB,AST,STL,BLK,TOV,PF,PTS,GmSc,+/-,Home/Away,Player
1,1.0,2023-10-25,27-001,BOS,@,NYK,W (+4),1,38,4.0,11.0,36.4%,0.0,4.0,0.0%,3.0,4.0,75.0%,0.0,6.0,6.0,5.0,1.0,0.0,2.0,5.0,11.0,6.8,8.0,Away,Jaylen Brown
2,2.0,2023-10-27,27-003,BOS,,MIA,W (+8),1,33,11.0,22.0,50.0%,3.0,7.0,42.9%,2.0,4.0,50.0%,2.0,4.0,6.0,1.0,2.0,0.0,4.0,1.0,27.0,16.1,3.0,Home,Jaylen Brown
3,3.0,2023-10-30,27-006,BOS,@,WAS,W (+19),1,31,13.0,24.0,54.2%,8.0,13.0,61.5%,2.0,4.0,50.0%,0.0,6.0,6.0,2.0,3.0,1.0,0.0,3.0,36.0,29.3,32.0,Away,Jaylen Brown
4,4.0,2023-11-01,27-008,BOS,,IND,W (+51),1,25,7.0,15.0,46.7%,0.0,1.0,0.0%,2.0,2.0,100.0%,1.0,6.0,7.0,1.0,0.0,0.0,2.0,3.0,16.0,8.3,22.0,Home,Jaylen Brown
5,5.0,2023-11-04,27-011,BOS,@,BRK,W (+10),1,35,7.0,22.0,31.8%,2.0,11.0,18.2%,7.0,8.0,87.5%,0.0,5.0,5.0,4.0,0.0,1.0,2.0,4.0,23.0,11.4,6.0,Away,Jaylen Brown
6,6.0,2023-11-06,27-013,BOS,@,MIN,L (-5),1,39,10.0,21.0,47.6%,3.0,8.0,37.5%,3.0,4.0,75.0%,0.0,7.0,7.0,4.0,1.0,0.0,3.0,5.0,26.0,15.8,-16.0,Away,Jaylen Brown
7,7.0,2023-11-08,27-015,BOS,@,PHI,L (-3),1,35,4.0,13.0,30.8%,2.0,7.0,28.6%,1.0,2.0,50.0%,0.0,2.0,2.0,2.0,1.0,1.0,4.0,2.0,11.0,2.0,-3.0,Away,Jaylen Brown
8,8.0,2023-11-10,27-017,BOS,,BRK,W (+14),1,29,10.0,19.0,52.6%,5.0,9.0,55.6%,3.0,5.0,60.0%,0.0,3.0,3.0,5.0,1.0,0.0,3.0,0.0,28.0,20.3,6.0,Home,Jaylen Brown
9,9.0,2023-11-11,27-018,BOS,,TOR,W (+23),1,31,12.0,20.0,60.0%,3.0,8.0,37.5%,2.0,3.0,66.7%,1.0,4.0,5.0,2.0,0.0,0.0,2.0,1.0,29.0,20.3,9.0,Home,Jaylen Brown
10,10.0,2023-11-13,27-020,BOS,,NYK,W (+16),1,36,7.0,18.0,38.9%,2.0,9.0,22.2%,6.0,6.0,100.0%,1.0,4.0,5.0,6.0,1.0,1.0,3.0,3.0,22.0,15.8,17.0,Home,Jaylen Brown
12,11.0,2023-11-17,27-024,BOS,@,TOR,W (+3),1,35,9.0,14.0,64.3%,3.0,5.0,60.0%,2.0,3.0,66.7%,0.0,3.0,3.0,4.0,1.0,1.0,3.0,2.0,23.0,18.0,4.0,Away,Jaylen Brown
13,12.0,2023-11-19,27-026,BOS,@,MEM,W (+2),1,33,5.0,16.0,31.3%,1.0,7.0,14.3%,1.0,2.0,50.0%,0.0,6.0,6.0,3.0,2.0,2.0,2.0,4.0,12.0,6.1,1.0,Away,Jaylen Brown
14,13.0,2023-11-20,27-027,BOS,@,CHO,L (-3),1,34,5.0,17.0,29.4%,0.0,5.0,0.0%,3.0,4.0,75.0%,1.0,3.0,4.0,3.0,0.0,0.0,2.0,5.0,13.0,2.4,-23.0,Away,Jaylen Brown
15,14.0,2023-11-22,27-029,BOS,,MIL,W (+3),1,35,10.0,16.0,62.5%,3.0,5.0,60.0%,3.0,3.0,100.0%,0.0,2.0,2.0,8.0,1.0,0.0,1.0,1.0,26.0,24.6,-3.0,Home,Jaylen Brown
16,15.0,2023-11-24,27-031,BOS,@,ORL,L (-17),1,38,6.0,22.0,27.3%,2.0,8.0,25.0%,4.0,7.0,57.1%,0.0,3.0,3.0,2.0,3.0,1.0,3.0,3.0,18.0,5.6,1.0,Away,Jaylen Brown
17,16.0,2023-11-26,27-033,BOS,,ATL,W (+10),1,36,9.0,19.0,47.4%,2.0,7.0,28.6%,1.0,2.0,50.0%,1.0,6.0,7.0,3.0,1.0,0.0,2.0,4.0,21.0,12.9,5.0,Home,Jaylen Brown
18,17.0,2023-11-28,27-035,BOS,,CHI,W (+27),1,34,12.0,23.0,52.2%,3.0,8.0,37.5%,3.0,5.0,60.0%,2.0,6.0,8.0,6.0,0.0,1.0,3.0,1.0,30.0,22.6,22.0,Home,Jaylen Brown
19,18.0,2023-12-01,27-038,BOS,,PHI,W (+6),1,35,8.0,20.0,40.0%,1.0,4.0,25.0%,3.0,4.0,75.0%,1.0,3.0,4.0,0.0,4.0,2.0,3.0,3.0,20.0,11.6,10.0,Home,Jaylen Brown
20,19.0,2023-12-04,27-041,BOS,@,IND,L (-10),1,31,14.0,23.0,60.9%,2.0,7.0,28.6%,0.0,1.0,0.0%,2.0,7.0,9.0,0.0,1.0,2.0,3.0,6.0,30.0,19.6,-10.0,Away,Jaylen Brown
21,20.0,2023-12-08,27-045,BOS,,NYK,W (+10),1,27,7.0,13.0,53.8%,2.0,5.0,40.0%,1.0,1.0,100.0%,0.0,0.0,0.0,4.0,1.0,1.0,2.0,5.0,17.0,11.2,18.0,Home,Jaylen Brown
22,21.0,2023-12-12,27-049,BOS,,CLE,W (+7),1,34,10.0,17.0,58.8%,1.0,5.0,20.0%,4.0,4.0,100.0%,1.0,1.0,2.0,4.0,1.0,1.0,3.0,1.0,25.0,19.2,-6.0,Home,Jaylen Brown
24,23.0,2023-12-15,27-052,BOS,,ORL,W (+17),1,29,8.0,15.0,53.3%,0.0,5.0,0.0%,2.0,3.0,66.7%,0.0,3.0,3.0,4.0,0.0,1.0,2.0,0.0,18.0,12.7,20.0,Home,Jaylen Brown
25,24.0,2023-12-17,27-054,BOS,,ORL,W (+17),1,33,12.0,20.0,60.0%,5.0,8.0,62.5%,2.0,2.0,100.0%,1.0,4.0,5.0,6.0,1.0,1.0,2.0,4.0,31.0,26.0,11.0,Home,Jaylen Brown
26,25.0,2023-12-19,27-056,BOS,@,GSW,L (-6),1,41,10.0,22.0,45.5%,1.0,4.0,25.0%,7.0,8.0,87.5%,3.0,5.0,8.0,7.0,0.0,1.0,4.0,2.0,28.0,20.6,-3.0,Away,Jaylen Brown
27,26.0,2023-12-20,27-057,BOS,@,SAC,W (+25),1,29,11.0,21.0,52.4%,0.0,3.0,0.0%,6.0,7.0,85.7%,1.0,4.0,5.0,6.0,0.0,0.0,0.0,2.0,28.0,22.6,22.0,Away,Jaylen Brown
28,27.0,2023-12-23,27-060,BOS,@,LAC,W (+37),1,29,9.0,17.0,52.9%,3.0,6.0,50.0%,3.0,4.0,75.0%,3.0,3.0,6.0,2.0,1.0,0.0,3.0,2.0,24.0,16.9,29.0,Away,Jaylen Brown
29,28.0,2023-12-25,27-062,BOS,@,LAL,W (+11),1,32,7.0,17.0,41.2%,1.0,5.0,20.0%,4.0,7.0,57.1%,3.0,2.0,5.0,2.0,3.0,0.0,2.0,3.0,19.0,12.6,9.0,Away,Jaylen Brown
31,29.0,2023-12-29,27-066,BOS,,TOR,W (+2),1,40,11.0,16.0,68.8%,5.0,6.0,83.3%,4.0,5.0,80.0%,1.0,9.0,10.0,6.0,0.0,0.0,7.0,4.0,31.0,22.8,12.0,Home,Jaylen Brown
32,30.0,2023-12-31,27-068,BOS,@,SAS,W (+33),1,26,9.0,13.0,69.2%,2.0,2.0,100.0%,4.0,6.0,66.7%,1.0,5.0,6.0,3.0,2.0,0.0,2.0,0.0,24.0,22.0,26.0,Away,Jaylen Brown
33,31.0,2024-01-02,27-070,BOS,@,OKC,L (-4),1,37,4.0,18.0,22.2%,0.0,8.0,0.0%,7.0,8.0,87.5%,2.0,4.0,6.0,3.0,0.0,0.0,4.0,5.0,15.0,2.3,-1.0,Away,Jaylen Brown
34,32.0,2024-01-05,27-073,BOS,,UTA,W (+29),1,26,5.0,12.0,41.7%,2.0,4.0,50.0%,1.0,2.0,50.0%,0.0,3.0,3.0,5.0,1.0,1.0,3.0,2.0,13.0,8.5,18.0,Home,Jaylen Brown
35,33.0,2024-01-06,27-074,BOS,@,IND,W (+17),1,35,13.0,20.0,65.0%,1.0,4.0,25.0%,4.0,8.0,50.0%,1.0,3.0,4.0,1.0,0.0,1.0,3.0,0.0,31.0,20.6,7.0,Away,Jaylen Brown
36,34.0,2024-01-08,27-076,BOS,@,IND,L (-2),1,37,17.0,26.0,65.4%,3.0,4.0,75.0%,3.0,5.0,60.0%,1.0,4.0,5.0,2.0,0.0,0.0,5.0,2.0,40.0,25.3,-1.0,Away,Jaylen Brown
37,35.0,2024-01-10,27-078,BOS,,MIN,W (+7),1,43,9.0,16.0,56.3%,4.0,7.0,57.1%,13.0,13.0,100.0%,1.0,10.0,11.0,3.0,2.0,1.0,2.0,1.0,35.0,33.5,10.0,Home,Jaylen Brown
39,37.0,2024-01-13,27-081,BOS,,HOU,W (+32),1,28,11.0,15.0,73.3%,4.0,6.0,66.7%,6.0,10.0,60.0%,1.0,5.0,6.0,2.0,2.0,2.0,3.0,5.0,32.0,26.3,19.0,Home,Jaylen Brown
41,38.0,2024-01-17,27-085,BOS,,SAS,W (+19),1,31,8.0,16.0,50.0%,3.0,6.0,50.0%,2.0,2.0,100.0%,1.0,6.0,7.0,5.0,1.0,1.0,3.0,2.0,21.0,16.9,12.0,Home,Jaylen Brown
42,39.0,2024-01-19,27-087,BOS,,DEN,L (-2),1,35,6.0,19.0,31.6%,1.0,9.0,11.1%,0.0,2.0,0.0%,0.0,2.0,2.0,1.0,2.0,0.0,0.0,3.0,13.0,3.4,-2.0,Home,Jaylen Brown
43,40.0,2024-01-21,27-089,BOS,@,HOU,W (+9),1,30,6.0,14.0,42.9%,1.0,3.0,33.3%,0.0,2.0,0.0%,0.0,11.0,11.0,10.0,3.0,0.0,3.0,0.0,13.0,15.1,4.0,Away,Jaylen Brown
44,41.0,2024-01-22,27-090,BOS,@,DAL,W (+9),1,36,13.0,22.0,59.1%,2.0,7.0,28.6%,6.0,9.0,66.7%,1.0,2.0,3.0,4.0,0.0,2.0,0.0,5.0,34.0,26.1,-6.0,Away,Jaylen Brown
46,43.0,2024-01-27,27-095,BOS,,LAC,L (-19),1,24,3.0,13.0,23.1%,0.0,2.0,0.0%,2.0,2.0,100.0%,5.0,1.0,6.0,2.0,0.0,1.0,1.0,3.0,8.0,3.8,-18.0,Home,Jaylen Brown
47,44.0,2024-01-29,27-097,BOS,,NOP,W (+6),1,36,8.0,15.0,53.3%,1.0,5.0,20.0%,5.0,7.0,71.4%,2.0,9.0,11.0,7.0,0.0,1.0,0.0,3.0,22.0,22.4,6.0,Home,Jaylen Brown
48,45.0,2024-01-30,27-098,BOS,,IND,W (+5),1,35,9.0,15.0,60.0%,0.0,3.0,0.0%,7.0,8.0,87.5%,2.0,4.0,6.0,2.0,2.0,0.0,0.0,0.0,25.0,23.7,-6.0,Home,Jaylen Brown
51,47.0,2024-02-07,27-106,BOS,,ATL,W (+8),1,33,7.0,11.0,63.6%,0.0,2.0,0.0%,1.0,1.0,100.0%,0.0,6.0,6.0,6.0,1.0,0.0,2.0,4.0,15.0,13.5,-3.0,Home,Jaylen Brown
53,49.0,2024-02-11,27-110,BOS,@,MIA,W (+4),1,37,8.0,16.0,50.0%,3.0,8.0,37.5%,1.0,4.0,25.0%,3.0,6.0,9.0,2.0,0.0,0.0,6.0,1.0,20.0,9.7,3.0,Away,Jaylen Brown
54,50.0,2024-02-13,27-112,BOS,@,BRK,W (+8),1,37,7.0,19.0,36.8%,1.0,6.0,16.7%,4.0,6.0,66.7%,1.0,0.0,1.0,4.0,1.0,0.0,4.0,5.0,19.0,6.2,9.0,Away,Jaylen Brown
56,51.0,2024-02-22,27-121,BOS,@,CHI,W (+17),1,32,7.0,12.0,58.3%,3.0,5.0,60.0%,4.0,6.0,66.7%,0.0,5.0,5.0,5.0,1.0,1.0,2.0,2.0,21.0,18.5,19.0,Away,Jaylen Brown
57,52.0,2024-02-24,27-123,BOS,@,NYK,W (+14),1,34,13.0,24.0,54.2%,3.0,9.0,33.3%,1.0,3.0,33.3%,0.0,8.0,8.0,3.0,1.0,0.0,0.0,2.0,30.0,22.3,15.0,Away,Jaylen Brown
58,53.0,2024-02-27,27-126,BOS,,PHI,W (+18),1,34,11.0,14.0,78.6%,1.0,2.0,50.0%,8.0,10.0,80.0%,1.0,5.0,6.0,1.0,1.0,0.0,4.0,4.0,31.0,23.1,25.0,Home,Jaylen Brown
59,54.0,2024-03-01,27-129,BOS,,DAL,W (+28),1,30,11.0,20.0,55.0%,2.0,5.0,40.0%,1.0,1.0,100.0%,1.0,6.0,7.0,5.0,1.0,0.0,0.0,3.0,25.0,21.2,16.0,Home,Jaylen Brown
60,55.0,2024-03-03,27-131,BOS,,GSW,W (+52),1,22,11.0,19.0,57.9%,5.0,10.0,50.0%,2.0,2.0,100.0%,1.0,2.0,3.0,3.0,1.0,0.0,1.0,2.0,29.0,22.7,35.0,Home,Jaylen Brown
61,56.0,2024-03-05,27-133,BOS,@,CLE,L (-1),1,36,8.0,20.0,40.0%,3.0,7.0,42.9%,2.0,2.0,100.0%,2.0,1.0,3.0,4.0,0.0,0.0,1.0,3.0,21.0,12.5,9.0,Away,Jaylen Brown
62,57.0,2024-03-07,27-135,BOS,@,DEN,L (-6),1,41,16.0,29.0,55.2%,2.0,7.0,28.6%,7.0,14.0,50.0%,6.0,8.0,14.0,4.0,2.0,0.0,2.0,4.0,41.0,32.1,5.0,Away,Jaylen Brown
63,58.0,2024-03-09,27-137,BOS,@,PHO,W (+10),1,34,10.0,21.0,47.6%,3.0,7.0,42.9%,4.0,7.0,57.1%,1.0,2.0,3.0,3.0,2.0,0.0,2.0,1.0,27.0,18.1,6.0,Away,Jaylen Brown
66,60.0,2024-03-14,27-142,BOS,,PHO,W (+15),1,33,14.0,23.0,60.9%,5.0,9.0,55.6%,4.0,6.0,66.7%,0.0,5.0,5.0,3.0,2.0,0.0,1.0,2.0,37.0,29.5,8.0,Home,Jaylen Brown
68,61.0,2024-03-18,27-146,BOS,,DET,W (+25),1,30,11.0,20.0,55.0%,3.0,6.0,50.0%,6.0,8.0,75.0%,0.0,7.0,7.0,3.0,1.0,0.0,3.0,2.0,31.0,22.0,22.0,Home,Jaylen Brown
69,62.0,2024-03-20,27-148,BOS,,MIL,W (+3),1,37,6.0,15.0,40.0%,2.0,4.0,50.0%,7.0,10.0,70.0%,4.0,4.0,8.0,2.0,1.0,0.0,1.0,3.0,21.0,15.9,-2.0,Home,Jaylen Brown
70,63.0,2024-03-22,27-150,BOS,@,DET,W (+27),1,33,13.0,19.0,68.4%,3.0,8.0,37.5%,4.0,7.0,57.1%,0.0,4.0,4.0,0.0,4.0,0.0,4.0,1.0,33.0,24.5,9.0,Away,Jaylen Brown
72,64.0,2024-03-25,27-153,BOS,@,ATL,L (-2),1,37,10.0,22.0,45.5%,2.0,7.0,28.6%,2.0,4.0,50.0%,2.0,2.0,4.0,1.0,2.0,0.0,1.0,3.0,24.0,14.3,-2.0,Away,Jaylen Brown
74,66.0,2024-03-30,27-158,BOS,@,NOP,W (+12),1,35,6.0,16.0,37.5%,3.0,4.0,75.0%,2.0,2.0,100.0%,2.0,5.0,7.0,6.0,1.0,1.0,2.0,2.0,17.0,14.2,4.0,Away,Jaylen Brown
76,67.0,2024-04-03,27-162,BOS,,OKC,W (+35),1,32,9.0,20.0,45.0%,3.0,9.0,33.3%,2.0,3.0,66.7%,1.0,6.0,7.0,4.0,1.0,2.0,5.0,4.0,23.0,13.3,8.0,Home,Jaylen Brown
78,68.0,2024-04-07,27-166,BOS,,POR,W (+17),1,29,10.0,17.0,58.8%,3.0,5.0,60.0%,3.0,3.0,100.0%,0.0,4.0,4.0,2.0,1.0,1.0,2.0,2.0,26.0,19.6,6.0,Home,Jaylen Brown
80,70.0,2024-04-11,27-170,BOS,,NYK,L (-9),1,28,6.0,15.0,40.0%,1.0,5.0,20.0%,2.0,3.0,66.7%,1.0,1.0,2.0,1.0,0.0,2.0,3.0,3.0,15.0,5.4,-29.0,Home,Jaylen Brown
83,71.0,2024-04-21,27-180,BOS,,MIA,W (+20),1,34,6.0,12.0,50.0%,3.0,5.0,60.0%,2.0,4.0,50.0%,2.0,6.0,8.0,3.0,0.0,1.0,1.0,1.0,17.0,14.8,17.0,Home,Jaylen Brown
84,72.0,2024-04-24,27-183,BOS,,MIA,L (-10),1,37,13.0,23.0,56.5%,4.0,9.0,44.4%,3.0,6.0,50.0%,3.0,5.0,8.0,1.0,1.0,1.0,3.0,1.0,33.0,23.5,-22.0,Home,Jaylen Brown
85,73.0,2024-04-27,27-186,BOS,@,MIA,W (+20),1,32,11.0,20.0,55.0%,0.0,4.0,0.0%,0.0,1.0,0.0%,2.0,6.0,8.0,3.0,2.0,1.0,1.0,2.0,22.0,18.2,6.0,Away,Jaylen Brown
86,74.0,2024-04-29,27-188,BOS,@,MIA,W (+14),1,38,7.0,18.0,38.9%,1.0,3.0,33.3%,2.0,4.0,50.0%,2.0,3.0,5.0,2.0,2.0,0.0,6.0,3.0,17.0,4.9,17.0,Away,Jaylen Brown
87,75.0,2024-05-01,27-190,BOS,,MIA,W (+34),1,26,11.0,19.0,57.9%,1.0,7.0,14.3%,2.0,5.0,40.0%,0.0,6.0,6.0,2.0,0.0,0.0,5.0,2.0,25.0,12.3,14.0,Home,Jaylen Brown
88,76.0,2024-05-07,27-196,BOS,,CLE,W (+25),1,33,12.0,18.0,66.7%,4.0,6.0,66.7%,4.0,4.0,100.0%,1.0,5.0,6.0,2.0,0.0,1.0,1.0,2.0,32.0,26.7,9.0,Home,Jaylen Brown
89,77.0,2024-05-09,27-198,BOS,,CLE,L (-24),1,31,7.0,17.0,41.2%,0.0,6.0,0.0%,5.0,5.0,100.0%,0.0,4.0,4.0,1.0,0.0,0.0,1.0,2.0,19.0,10.0,-29.0,Home,Jaylen Brown
90,78.0,2024-05-11,27-200,BOS,@,CLE,W (+13),1,40,13.0,17.0,76.5%,2.0,3.0,66.7%,0.0,2.0,0.0%,2.0,7.0,9.0,3.0,1.0,0.0,2.0,4.0,28.0,23.5,18.0,Away,Jaylen Brown
91,79.0,2024-05-13,27-202,BOS,@,CLE,W (+7),1,34,9.0,15.0,60.0%,2.0,3.0,66.7%,7.0,9.0,77.8%,1.0,7.0,8.0,1.0,0.0,0.0,5.0,4.0,27.0,16.2,3.0,Away,Jaylen Brown
92,80.0,2024-05-15,27-204,BOS,,CLE,W (+15),1,40,4.0,9.0,44.4%,1.0,3.0,33.3%,2.0,4.0,50.0%,0.0,4.0,4.0,7.0,1.0,1.0,3.0,3.0,11.0,9.1,14.0,Home,Jaylen Brown
93,81.0,2024-05-21,27-210,BOS,,IND,W (+5),1,44,10.0,20.0,50.0%,1.0,4.0,25.0%,5.0,8.0,62.5%,1.0,6.0,7.0,5.0,3.0,1.0,3.0,1.0,26.0,21.1,4.0,Home,Jaylen Brown
94,82.0,2024-05-23,27-212,BOS,,IND,W (+16),1,36,14.0,27.0,51.9%,4.0,10.0,40.0%,8.0,11.0,72.7%,2.0,3.0,5.0,2.0,1.0,0.0,2.0,4.0,40.0,26.6,18.0,Home,Jaylen Brown
95,83.0,2024-05-25,27-214,BOS,@,IND,W (+3),1,38,10.0,18.0,55.6%,1.0,5.0,20.0%,3.0,4.0,75.0%,0.0,2.0,2.0,3.0,1.0,1.0,1.0,3.0,24.0,17.2,-1.0,Away,Jaylen Brown
96,84.0,2024-05-27,27-216,BOS,@,IND,W (+3),1,44,11.0,22.0,50.0%,4.0,8.0,50.0%,3.0,6.0,50.0%,2.0,4.0,6.0,2.0,3.0,1.0,3.0,3.0,29.0,20.3,6.0,Away,Jaylen Brown
97,85.0,2024-06-06,27-226,BOS,,DAL,W (+18),1,37,7.0,12.0,58.3%,2.0,6.0,33.3%,6.0,11.0,54.5%,1.0,5.0,6.0,2.0,3.0,3.0,2.0,3.0,22.0,19.9,12.0,Home,Jaylen Brown
98,86.0,2024-06-09,27-229,BOS,,DAL,W (+7),1,42,8.0,15.0,53.3%,1.0,5.0,20.0%,4.0,4.0,100.0%,2.0,2.0,4.0,7.0,3.0,0.0,6.0,3.0,21.0,16.4,-3.0,Home,Jaylen Brown
1,1.0,2023-10-25,31-216,DAL,@,SAS,W (+7),1,36,10.0,24.0,41.7%,1.0,8.0,12.5%,1.0,1.0,100.0%,0.0,2.0,2.0,6.0,1.0,0.0,2.0,3.0,22.0,11.8,1.0,Away,Kyrie Irving
2,2.0,2023-10-27,31-218,DAL,,BRK,W (+5),1,33,6.0,17.0,35.3%,1.0,4.0,25.0%,4.0,4.0,100.0%,1.0,6.0,7.0,6.0,0.0,0.0,0.0,2.0,17.0,13.4,-7.0,Home,Kyrie Irving
5,3.0,2023-11-03,31-225,DAL,@,DEN,L (-11),1,34,9.0,15.0,60.0%,1.0,5.0,20.0%,3.0,4.0,75.0%,0.0,1.0,1.0,7.0,4.0,2.0,3.0,1.0,22.0,21.9,-12.0,Away,Kyrie Irving
6,4.0,2023-11-05,31-227,DAL,,CHO,W (+6),1,33,6.0,14.0,42.9%,2.0,6.0,33.3%,4.0,4.0,100.0%,0.0,3.0,3.0,10.0,1.0,1.0,2.0,3.0,18.0,17.0,8.0,Home,Kyrie Irving
7,5.0,2023-11-06,31-228,DAL,@,ORL,W (+15),1,36,8.0,20.0,40.0%,2.0,6.0,33.3%,3.0,5.0,60.0%,1.0,5.0,6.0,10.0,3.0,0.0,3.0,2.0,21.0,17.8,18.0,Away,Kyrie Irving
8,6.0,2023-11-08,31-230,DAL,,TOR,L (-11),1,35,8.0,19.0,42.1%,3.0,7.0,42.9%,3.0,3.0,100.0%,0.0,4.0,4.0,5.0,0.0,0.0,1.0,2.0,22.0,14.8,4.0,Home,Kyrie Irving
9,7.0,2023-11-10,31-232,DAL,,LAC,W (+18),1,28,8.0,19.0,42.1%,5.0,9.0,55.6%,6.0,6.0,100.0%,3.0,3.0,6.0,3.0,2.0,0.0,2.0,1.0,27.0,21.6,12.0,Home,Kyrie Irving
10,8.0,2023-11-12,31-234,DAL,@,NOP,W (+12),1,29,13.0,20.0,65.0%,7.0,10.0,70.0%,2.0,2.0,100.0%,1.0,5.0,6.0,7.0,0.0,1.0,1.0,1.0,35.0,32.6,9.0,Away,Kyrie Irving
11,9.0,2023-11-14,31-236,DAL,@,NOP,L (-21),1,25,6.0,13.0,46.2%,3.0,7.0,42.9%,2.0,4.0,50.0%,1.0,1.0,2.0,6.0,0.0,0.0,1.0,1.0,17.0,13.3,-14.0,Away,Kyrie Irving
13,10.0,2023-11-18,31-240,DAL,@,MIL,L (-7),1,33,16.0,29.0,55.2%,3.0,10.0,30.0%,4.0,4.0,100.0%,1.0,3.0,4.0,6.0,1.0,0.0,2.0,4.0,39.0,28.3,13.0,Away,Kyrie Irving
14,11.0,2023-11-19,31-241,DAL,,SAC,L (-16),1,33,8.0,17.0,47.1%,2.0,6.0,33.3%,5.0,5.0,100.0%,0.0,2.0,2.0,1.0,0.0,0.0,1.0,2.0,23.0,13.8,-19.0,Home,Kyrie Irving
15,12.0,2023-11-22,31-244,DAL,@,LAL,W (+3),1,34,11.0,22.0,50.0%,4.0,8.0,50.0%,2.0,2.0,100.0%,1.0,5.0,6.0,2.0,2.0,0.0,2.0,0.0,28.0,20.6,14.0,Away,Kyrie Irving
16,13.0,2023-11-25,31-247,DAL,@,LAC,L (-19),1,32,11.0,22.0,50.0%,3.0,7.0,42.9%,1.0,1.0,100.0%,0.0,6.0,6.0,3.0,1.0,0.0,1.0,3.0,26.0,17.7,1.0,Away,Kyrie Irving
17,14.0,2023-11-28,31-250,DAL,,HOU,W (+6),1,35,8.0,22.0,36.4%,2.0,7.0,28.6%,9.0,9.0,100.0%,1.0,1.0,2.0,5.0,1.0,1.0,0.0,1.0,27.0,20.6,-9.0,Home,Kyrie Irving
18,15.0,2023-12-01,31-253,DAL,,MEM,L (-14),1,35,3.0,15.0,20.0%,0.0,5.0,0.0%,4.0,5.0,80.0%,0.0,5.0,5.0,5.0,0.0,0.0,1.0,2.0,10.0,3.5,-6.0,Home,Kyrie Irving
34,18.0,2024-01-01,31-284,DAL,@,UTA,L (-37),1,32,6.0,14.0,42.9%,2.0,3.0,66.7%,0.0,1.0,0.0%,1.0,8.0,9.0,4.0,0.0,1.0,1.0,3.0,14.0,10.6,-15.0,Away,Kyrie Irving
35,19.0,2024-01-03,31-286,DAL,,POR,W (+29),1,28,10.0,19.0,52.6%,4.0,8.0,50.0%,5.0,6.0,83.3%,1.0,8.0,9.0,5.0,2.0,0.0,1.0,0.0,29.0,26.9,20.0,Home,Kyrie Irving
36,20.0,2024-01-05,31-288,DAL,,POR,W (+36),1,28,10.0,18.0,55.6%,3.0,7.0,42.9%,1.0,1.0,100.0%,0.0,9.0,9.0,5.0,2.0,2.0,1.0,0.0,24.0,24.0,27.0,Home,Kyrie Irving
37,21.0,2024-01-07,31-290,DAL,,MIN,W (+7),1,39,14.0,27.0,51.9%,6.0,8.0,75.0%,1.0,1.0,100.0%,5.0,3.0,8.0,5.0,3.0,2.0,3.0,2.0,35.0,30.2,6.0,Home,Kyrie Irving
38,22.0,2024-01-09,31-292,DAL,,MEM,L (-17),1,40,11.0,25.0,44.0%,2.0,7.0,28.6%,9.0,10.0,90.0%,4.0,4.0,8.0,4.0,4.0,1.0,3.0,3.0,33.0,26.8,-2.0,Home,Kyrie Irving
39,23.0,2024-01-11,31-294,DAL,,NYK,W (+4),1,39,15.0,26.0,57.7%,6.0,10.0,60.0%,8.0,9.0,88.9%,0.0,4.0,4.0,10.0,2.0,0.0,5.0,3.0,44.0,35.4,9.0,Home,Kyrie Irving
40,24.0,2024-01-13,31-296,DAL,,NOP,L (-10),1,40,12.0,27.0,44.4%,5.0,14.0,35.7%,4.0,4.0,100.0%,0.0,5.0,5.0,6.0,1.0,0.0,1.0,2.0,33.0,23.8,-8.0,Home,Kyrie Irving
41,25.0,2024-01-15,31-298,DAL,,NOP,W (+5),1,41,13.0,28.0,46.4%,3.0,9.0,33.3%,13.0,15.0,86.7%,0.0,7.0,7.0,7.0,0.0,1.0,3.0,1.0,42.0,31.1,7.0,Home,Kyrie Irving
42,26.0,2024-01-17,31-300,DAL,@,LAL,L (-17),1,32,4.0,16.0,25.0%,1.0,5.0,20.0%,3.0,3.0,100.0%,0.0,5.0,5.0,6.0,0.0,0.0,2.0,2.0,12.0,5.3,-14.0,Away,Kyrie Irving
43,27.0,2024-01-22,31-305,DAL,,BOS,L (-9),1,35,9.0,20.0,45.0%,3.0,7.0,42.9%,2.0,2.0,100.0%,0.0,6.0,6.0,3.0,2.0,0.0,1.0,3.0,23.0,16.3,0.0,Home,Kyrie Irving
50,28.0,2024-02-05,31-319,DAL,@,PHI,W (+16),1,34,10.0,17.0,58.8%,2.0,3.0,66.7%,1.0,1.0,100.0%,1.0,4.0,5.0,8.0,2.0,1.0,1.0,4.0,23.0,22.7,15.0,Away,Kyrie Irving
53,31.0,2024-02-10,31-324,DAL,,OKC,W (+35),1,33,11.0,19.0,57.9%,2.0,7.0,28.6%,1.0,2.0,50.0%,1.0,5.0,6.0,8.0,1.0,0.0,1.0,2.0,25.0,22.7,32.0,Home,Kyrie Irving
54,32.0,2024-02-12,31-326,DAL,,WAS,W (+8),1,42,10.0,19.0,52.6%,2.0,7.0,28.6%,4.0,6.0,66.7%,1.0,6.0,7.0,4.0,0.0,2.0,2.0,3.0,26.0,19.4,3.0,Home,Kyrie Irving
56,34.0,2024-02-22,31-336,DAL,,PHO,W (+10),1,35,11.0,18.0,61.1%,5.0,8.0,62.5%,2.0,2.0,100.0%,1.0,4.0,5.0,3.0,1.0,0.0,1.0,2.0,29.0,24.0,20.0,Home,Kyrie Irving
57,35.0,2024-02-25,31-339,DAL,@,IND,L (-22),1,32,10.0,22.0,45.5%,3.0,7.0,42.9%,6.0,6.0,100.0%,0.0,6.0,6.0,2.0,0.0,0.0,1.0,0.0,29.0,19.8,-16.0,Away,Kyrie Irving
58,36.0,2024-02-27,31-341,DAL,@,CLE,L (-2),1,38,12.0,24.0,50.0%,5.0,8.0,62.5%,1.0,1.0,100.0%,1.0,5.0,6.0,3.0,1.0,1.0,3.0,1.0,30.0,20.6,-8.0,Away,Kyrie Irving
59,37.0,2024-02-28,31-342,DAL,@,TOR,W (+11),1,35,11.0,20.0,55.0%,2.0,6.0,33.3%,5.0,5.0,100.0%,0.0,1.0,1.0,3.0,2.0,1.0,1.0,4.0,29.0,21.9,0.0,Away,Kyrie Irving
61,39.0,2024-03-03,31-346,DAL,,PHI,L (-4),1,38,10.0,20.0,50.0%,5.0,9.0,55.6%,3.0,3.0,100.0%,0.0,5.0,5.0,4.0,1.0,0.0,4.0,0.0,28.0,19.3,-8.0,Home,Kyrie Irving
62,40.0,2024-03-05,31-348,DAL,,IND,L (-17),1,36,8.0,19.0,42.1%,3.0,9.0,33.3%,4.0,4.0,100.0%,2.0,5.0,7.0,3.0,0.0,0.0,0.0,3.0,23.0,16.7,-20.0,Home,Kyrie Irving
63,41.0,2024-03-07,31-350,DAL,,MIA,W (+6),1,36,9.0,19.0,47.4%,3.0,9.0,33.3%,2.0,2.0,100.0%,0.0,4.0,4.0,4.0,1.0,1.0,2.0,1.0,23.0,16.6,-7.0,Home,Kyrie Irving
66,44.0,2024-03-13,31-356,DAL,,GSW,W (+10),1,34,8.0,16.0,50.0%,1.0,5.0,20.0%,6.0,6.0,100.0%,0.0,8.0,8.0,10.0,1.0,1.0,1.0,3.0,23.0,23.9,1.0,Home,Kyrie Irving
67,45.0,2024-03-14,31-357,DAL,@,OKC,L (-7),1,38,12.0,18.0,66.7%,4.0,7.0,57.1%,8.0,8.0,100.0%,1.0,3.0,4.0,12.0,2.0,0.0,4.0,1.0,36.0,35.8,-10.0,Away,Kyrie Irving
68,46.0,2024-03-17,31-360,DAL,,DEN,W (+2),1,39,9.0,23.0,39.1%,4.0,11.0,36.4%,2.0,2.0,100.0%,3.0,4.0,7.0,9.0,3.0,1.0,3.0,2.0,24.0,21.0,6.0,Home,Kyrie Irving
69,47.0,2024-03-19,31-362,DAL,@,SAS,W (+6),1,38,13.0,21.0,61.9%,0.0,5.0,0.0%,2.0,2.0,100.0%,1.0,6.0,7.0,3.0,2.0,0.0,1.0,3.0,28.0,22.9,-10.0,Away,Kyrie Irving
71,49.0,2024-03-25,32-002,DAL,@,UTA,W (+10),1,35,10.0,21.0,47.6%,4.0,9.0,44.4%,3.0,3.0,100.0%,0.0,3.0,3.0,5.0,0.0,0.0,2.0,2.0,27.0,17.9,9.0,Away,Kyrie Irving
72,50.0,2024-03-26,32-003,DAL,@,SAC,W (+36),1,34,10.0,19.0,52.6%,4.0,9.0,44.4%,0.0,1.0,0.0%,0.0,3.0,3.0,8.0,2.0,0.0,1.0,4.0,24.0,20.2,28.0,Away,Kyrie Irving
73,51.0,2024-03-29,32-006,DAL,@,SAC,W (+4),1,37,11.0,16.0,68.8%,3.0,5.0,60.0%,5.0,6.0,83.3%,0.0,3.0,3.0,2.0,0.0,0.0,2.0,1.0,30.0,22.7,8.0,Away,Kyrie Irving
74,52.0,2024-03-31,32-008,DAL,@,HOU,W (+18),1,34,9.0,19.0,47.4%,4.0,9.0,44.4%,2.0,2.0,100.0%,1.0,2.0,3.0,7.0,1.0,0.0,1.0,3.0,24.0,19.3,12.0,Away,Kyrie Irving
75,53.0,2024-04-02,32-010,DAL,@,GSW,L (-4),1,38,10.0,19.0,52.6%,4.0,8.0,50.0%,3.0,3.0,100.0%,0.0,1.0,1.0,2.0,3.0,1.0,4.0,3.0,27.0,17.9,6.0,Away,Kyrie Irving
76,54.0,2024-04-04,32-012,DAL,,ATL,W (+14),1,34,10.0,21.0,47.6%,3.0,7.0,42.9%,3.0,3.0,100.0%,2.0,3.0,5.0,1.0,0.0,1.0,4.0,1.0,26.0,14.6,7.0,Home,Kyrie Irving
77,55.0,2024-04-05,32-013,DAL,,GSW,W (+2),1,42,9.0,19.0,47.4%,2.0,7.0,28.6%,6.0,6.0,100.0%,1.0,7.0,8.0,7.0,2.0,1.0,5.0,3.0,26.0,20.5,1.0,Home,Kyrie Irving
78,56.0,2024-04-07,32-015,DAL,,HOU,W (+11),1,44,15.0,25.0,60.0%,3.0,8.0,37.5%,15.0,17.0,88.2%,0.0,7.0,7.0,2.0,1.0,0.0,2.0,1.0,48.0,37.8,21.0,Home,Kyrie Irving
79,57.0,2024-04-09,32-017,DAL,@,CHO,W (+26),1,37,6.0,15.0,40.0%,2.0,8.0,25.0%,4.0,5.0,80.0%,2.0,6.0,8.0,9.0,2.0,3.0,2.0,3.0,18.0,19.9,24.0,Away,Kyrie Irving
83,59.0,2024-04-21,32-029,DAL,@,LAC,L (-12),1,39,10.0,18.0,55.6%,3.0,6.0,50.0%,8.0,9.0,88.9%,3.0,4.0,7.0,4.0,2.0,0.0,1.0,3.0,31.0,27.9,-9.0,Away,Kyrie Irving
84,60.0,2024-04-23,32-031,DAL,@,LAC,W (+3),1,41,8.0,18.0,44.4%,4.0,8.0,50.0%,3.0,4.0,75.0%,1.0,5.0,6.0,3.0,3.0,0.0,3.0,2.0,23.0,16.7,0.0,Away,Kyrie Irving
85,61.0,2024-04-26,32-034,DAL,,LAC,W (+11),1,36,8.0,17.0,47.1%,3.0,7.0,42.9%,2.0,2.0,100.0%,0.0,4.0,4.0,6.0,2.0,0.0,2.0,4.0,21.0,16.1,17.0,Home,Kyrie Irving
86,62.0,2024-04-28,32-036,DAL,,LAC,L (-5),1,44,14.0,25.0,56.0%,6.0,12.0,50.0%,6.0,6.0,100.0%,2.0,5.0,7.0,5.0,0.0,0.0,7.0,4.0,40.0,25.9,-5.0,Home,Kyrie Irving
87,63.0,2024-05-01,32-039,DAL,@,LAC,W (+30),1,35,6.0,14.0,42.9%,1.0,7.0,14.3%,1.0,1.0,100.0%,1.0,3.0,4.0,6.0,2.0,0.0,0.0,4.0,14.0,12.8,35.0,Away,Kyrie Irving
88,64.0,2024-05-03,32-041,DAL,,LAC,W (+13),1,42,11.0,19.0,57.9%,5.0,9.0,55.6%,3.0,5.0,60.0%,1.0,5.0,6.0,4.0,2.0,2.0,1.0,3.0,30.0,26.5,22.0,Home,Kyrie Irving
89,65.0,2024-05-07,32-045,DAL,@,OKC,L (-22),1,37,7.0,14.0,50.0%,3.0,4.0,75.0%,3.0,3.0,100.0%,0.0,1.0,1.0,3.0,2.0,1.0,4.0,2.0,20.0,13.3,-15.0,Away,Kyrie Irving
90,66.0,2024-05-09,32-047,DAL,@,OKC,W (+9),1,41,2.0,8.0,25.0%,0.0,2.0,0.0%,5.0,6.0,83.3%,2.0,1.0,3.0,11.0,2.0,2.0,2.0,4.0,9.0,13.0,9.0,Away,Kyrie Irving
92,68.0,2024-05-13,32-051,DAL,,OKC,L (-4),1,40,4.0,11.0,36.4%,0.0,2.0,0.0%,1.0,2.0,50.0%,0.0,1.0,1.0,9.0,0.0,0.0,1.0,5.0,9.0,6.1,4.0,Home,Kyrie Irving
95,71.0,2024-05-22,32-060,DAL,@,MIN,W (+3),1,40,12.0,23.0,52.2%,0.0,3.0,0.0%,6.0,6.0,100.0%,1.0,4.0,5.0,4.0,0.0,1.0,2.0,3.0,30.0,20.9,5.0,Away,Kyrie Irving
96,72.0,2024-05-24,32-062,DAL,@,MIN,W (+1),1,39,7.0,16.0,43.8%,4.0,7.0,57.1%,2.0,5.0,40.0%,2.0,2.0,4.0,6.0,1.0,0.0,2.0,4.0,20.0,14.0,6.0,Away,Kyrie Irving
97,73.0,2024-05-26,32-064,DAL,,MIN,W (+9),1,41,12.0,20.0,60.0%,3.0,6.0,50.0%,6.0,8.0,75.0%,0.0,3.0,3.0,4.0,1.0,0.0,4.0,1.0,33.0,23.3,12.0,Home,Kyrie Irving
98,74.0,2024-05-28,32-066,DAL,,MIN,L (-5),1,41,6.0,18.0,33.3%,1.0,6.0,16.7%,3.0,3.0,100.0%,2.0,0.0,2.0,4.0,1.0,0.0,4.0,2.0,16.0,6.2,-2.0,Home,Kyrie Irving
99,75.0,2024-05-30,32-068,DAL,@,MIN,W (+21),1,39,14.0,27.0,51.9%,4.0,10.0,40.0%,4.0,4.0,100.0%,1.0,3.0,4.0,5.0,0.0,0.0,0.0,2.0,36.0,27.0,17.0,Away,Kyrie Irving
101,77.0,2024-06-09,32-078,DAL,@,BOS,L (-7),1,41,7.0,18.0,38.9%,0.0,3.0,0.0%,2.0,2.0,100.0%,0.0,2.0,2.0,6.0,0.0,0.0,2.0,4.0,16.0,7.4,-3.0,Away,Kyrie Irving
1,1.0,2023-10-25,24-239,DAL,@,SAS,W (+7),1,34,13.0,25.0,52.0%,3.0,11.0,27.3%,4.0,7.0,57.1%,1.0,12.0,13.0,10.0,2.0,0.0,4.0,1.0,33.0,28.4,4,Away,Luka Dončić
2,2.0,2023-10-27,24-241,DAL,,BRK,W (+5),1,36,16.0,25.0,64.0%,9.0,14.0,64.3%,8.0,10.0,80.0%,1.0,9.0,10.0,7.0,0.0,0.0,0.0,1.0,49.0,45.0,9,Home,Luka Dončić
3,3.0,2023-10-30,24-244,DAL,@,MEM,W (+15),1,40,11.0,22.0,50.0%,6.0,12.0,50.0%,7.0,10.0,70.0%,0.0,12.0,12.0,12.0,1.0,1.0,6.0,4.0,35.0,28.9,6,Away,Luka Dončić
4,4.0,2023-11-01,24-246,DAL,,CHI,W (+9),1,40,5.0,16.0,31.3%,1.0,8.0,12.5%,7.0,9.0,77.8%,0.0,7.0,7.0,10.0,2.0,1.0,6.0,2.0,18.0,13.0,11,Home,Luka Dončić
5,5.0,2023-11-03,24-248,DAL,@,DEN,L (-11),1,38,11.0,24.0,45.8%,6.0,11.0,54.5%,6.0,7.0,85.7%,3.0,7.0,10.0,8.0,0.0,1.0,9.0,2.0,34.0,21.9,-4,Away,Luka Dončić
6,6.0,2023-11-05,24-250,DAL,,CHO,W (+6),1,36,8.0,19.0,42.1%,1.0,9.0,11.1%,6.0,7.0,85.7%,1.0,11.0,12.0,9.0,0.0,1.0,4.0,3.0,23.0,18.3,3,Home,Luka Dončić
7,7.0,2023-11-06,24-251,DAL,@,ORL,W (+15),1,35,9.0,17.0,52.9%,5.0,10.0,50.0%,6.0,6.0,100.0%,0.0,3.0,3.0,6.0,2.0,0.0,6.0,2.0,29.0,21.0,7,Away,Luka Dončić
8,8.0,2023-11-08,24-253,DAL,,TOR,L (-11),1,38,11.0,26.0,42.3%,2.0,10.0,20.0%,7.0,10.0,70.0%,0.0,7.0,7.0,8.0,4.0,1.0,4.0,3.0,31.0,23.2,-7,Home,Luka Dončić
9,9.0,2023-11-10,24-255,DAL,,LAC,W (+18),1,31,17.0,21.0,81.0%,6.0,9.0,66.7%,4.0,4.0,100.0%,0.0,6.0,6.0,6.0,1.0,0.0,1.0,1.0,44.0,41.7,32,Home,Luka Dončić
10,10.0,2023-11-12,24-257,DAL,@,NOP,W (+12),1,27,11.0,18.0,61.1%,4.0,9.0,44.4%,4.0,5.0,80.0%,0.0,4.0,4.0,9.0,1.0,0.0,2.0,0.0,30.0,27.9,14,Away,Luka Dončić
11,11.0,2023-11-14,24-259,DAL,@,NOP,L (-21),1,26,5.0,16.0,31.3%,3.0,5.0,60.0%,3.0,5.0,60.0%,1.0,1.0,2.0,2.0,0.0,0.0,8.0,0.0,16.0,0.4,-26,Away,Luka Dončić
12,12.0,2023-11-15,24-260,DAL,@,WAS,W (+13),1,32,7.0,18.0,38.9%,4.0,11.0,36.4%,8.0,12.0,66.7%,1.0,6.0,7.0,10.0,0.0,0.0,3.0,2.0,26.0,20.3,12,Away,Luka Dončić
13,13.0,2023-11-18,24-263,DAL,@,MIL,L (-7),1,35,15.0,26.0,57.7%,4.0,9.0,44.4%,1.0,4.0,25.0%,1.0,8.0,9.0,9.0,0.0,0.0,3.0,1.0,35.0,27.6,-17,Away,Luka Dončić
14,14.0,2023-11-19,24-264,DAL,,SAC,L (-16),1,31,7.0,19.0,36.8%,3.0,7.0,42.9%,8.0,10.0,80.0%,1.0,9.0,10.0,7.0,3.0,0.0,2.0,0.0,25.0,23.0,-14,Home,Luka Dončić
15,15.0,2023-11-22,24-267,DAL,@,LAL,W (+3),1,38,10.0,26.0,38.5%,3.0,12.0,25.0%,7.0,8.0,87.5%,0.0,12.0,12.0,8.0,2.0,0.0,0.0,2.0,30.0,25.8,-11,Away,Luka Dončić
16,16.0,2023-11-25,24-270,DAL,@,LAC,L (-19),1,38,12.0,27.0,44.4%,1.0,8.0,12.5%,5.0,5.0,100.0%,0.0,3.0,3.0,4.0,2.0,2.0,4.0,4.0,30.0,17.4,-14,Away,Luka Dončić
17,17.0,2023-11-28,24-273,DAL,,HOU,W (+6),1,37,15.0,29.0,51.7%,3.0,10.0,30.0%,8.0,9.0,88.9%,0.0,9.0,9.0,9.0,2.0,0.0,0.0,3.0,41.0,36.1,12,Home,Luka Dončić
19,18.0,2023-12-02,24-277,DAL,,OKC,L (-6),1,45,11.0,22.0,50.0%,5.0,13.0,38.5%,9.0,14.0,64.3%,2.0,13.0,15.0,18.0,2.0,2.0,7.0,2.0,36.0,36.5,-7,Home,Luka Dončić
20,19.0,2023-12-06,24-281,DAL,,UTA,W (+50),1,31,14.0,25.0,56.0%,6.0,12.0,50.0%,6.0,8.0,75.0%,2.0,8.0,10.0,11.0,1.0,0.0,4.0,2.0,40.0,35.0,34,Home,Luka Dončić
21,20.0,2023-12-08,24-283,DAL,@,POR,W (+13),1,41,11.0,28.0,39.3%,3.0,14.0,21.4%,7.0,8.0,87.5%,0.0,6.0,6.0,10.0,1.0,1.0,5.0,1.0,32.0,21.5,13,Away,Luka Dončić
22,21.0,2023-12-11,24-286,DAL,@,MEM,W (+7),1,43,9.0,21.0,42.9%,5.0,10.0,50.0%,12.0,13.0,92.3%,0.0,8.0,8.0,6.0,2.0,2.0,3.0,3.0,35.0,29.3,3,Away,Luka Dončić
23,22.0,2023-12-12,24-287,DAL,,LAL,W (+2),1,43,12.0,28.0,42.9%,3.0,10.0,30.0%,6.0,6.0,100.0%,0.0,6.0,6.0,17.0,1.0,0.0,4.0,0.0,33.0,28.9,10,Home,Luka Dončić
24,23.0,2023-12-14,24-289,DAL,,MIN,L (-18),1,39,15.0,27.0,55.6%,2.0,7.0,28.6%,7.0,7.0,100.0%,1.0,5.0,6.0,13.0,2.0,0.0,8.0,2.0,39.0,30.6,-12,Home,Luka Dončić
25,24.0,2023-12-16,24-291,DAL,@,POR,W (+11),1,37,15.0,28.0,53.6%,4.0,12.0,33.3%,6.0,6.0,100.0%,2.0,10.0,12.0,10.0,1.0,0.0,4.0,3.0,40.0,33.6,-4,Away,Luka Dončić
26,25.0,2023-12-18,24-293,DAL,@,DEN,L (-26),1,36,13.0,24.0,54.2%,6.0,12.0,50.0%,6.0,10.0,60.0%,3.0,8.0,11.0,8.0,0.0,0.0,3.0,1.0,38.0,31.5,-29,Away,Luka Dončić
27,26.0,2023-12-20,24-295,DAL,,LAC,L (-9),1,44,9.0,25.0,36.0%,2.0,11.0,18.2%,8.0,14.0,57.1%,1.0,8.0,9.0,10.0,1.0,0.0,5.0,1.0,28.0,17.4,-4,Home,Luka Dončić
29,27.0,2023-12-23,24-298,DAL,,SAS,W (+25),1,31,13.0,27.0,48.1%,5.0,10.0,50.0%,8.0,11.0,72.7%,2.0,10.0,12.0,10.0,1.0,1.0,2.0,1.0,39.0,34.8,37,Home,Luka Dončić
30,28.0,2023-12-25,24-300,DAL,@,PHO,W (+14),1,43,15.0,25.0,60.0%,8.0,16.0,50.0%,12.0,12.0,100.0%,1.0,5.0,6.0,15.0,4.0,3.0,4.0,2.0,50.0,52.5,16,Away,Luka Dončić
31,29.0,2023-12-27,24-302,DAL,,CLE,L (-3),1,36,14.0,29.0,48.3%,3.0,10.0,30.0%,8.0,10.0,80.0%,0.0,7.0,7.0,6.0,2.0,2.0,5.0,0.0,39.0,28.2,-9,Home,Luka Dončić
33,30.0,2023-12-30,24-305,DAL,@,GSW,W (+10),1,37,14.0,29.0,48.3%,5.0,13.0,38.5%,6.0,7.0,85.7%,0.0,8.0,8.0,10.0,1.0,1.0,4.0,3.0,39.0,29.8,9,Away,Luka Dončić
34,31.0,2024-01-01,24-307,DAL,@,UTA,L (-37),1,33,6.0,20.0,30.0%,3.0,13.0,23.1%,4.0,6.0,66.7%,0.0,6.0,6.0,14.0,1.0,0.0,4.0,1.0,19.0,14.8,-17,Away,Luka Dončić
35,32.0,2024-01-03,24-309,DAL,,POR,W (+29),1,30,13.0,21.0,61.9%,4.0,7.0,57.1%,11.0,14.0,78.6%,0.0,6.0,6.0,5.0,1.0,0.0,4.0,1.0,41.0,32.2,23,Home,Luka Dončić
37,33.0,2024-01-07,24-313,DAL,,MIN,W (+7),1,39,12.0,26.0,46.2%,5.0,12.0,41.7%,5.0,8.0,62.5%,0.0,6.0,6.0,8.0,1.0,0.0,3.0,3.0,34.0,23.6,5,Home,Luka Dončić
38,34.0,2024-01-09,24-315,DAL,,MEM,L (-17),1,35,9.0,21.0,42.9%,2.0,8.0,25.0%,11.0,15.0,73.3%,0.0,6.0,6.0,6.0,3.0,0.0,3.0,1.0,31.0,23.9,-14,Home,Luka Dončić
42,35.0,2024-01-17,24-323,DAL,@,LAL,L (-17),1,36,12.0,24.0,50.0%,2.0,9.0,22.2%,7.0,9.0,77.8%,0.0,13.0,13.0,10.0,2.0,2.0,4.0,2.0,33.0,29.7,-15,Away,Luka Dončić
43,36.0,2024-01-22,24-328,DAL,,BOS,L (-9),1,39,12.0,30.0,40.0%,2.0,8.0,25.0%,7.0,11.0,63.6%,5.0,13.0,18.0,13.0,2.0,0.0,3.0,5.0,33.0,28.7,-13,Home,Luka Dončić
44,37.0,2024-01-24,24-330,DAL,,PHO,L (-23),1,38,11.0,24.0,45.8%,4.0,11.0,36.4%,8.0,12.0,66.7%,1.0,7.0,8.0,9.0,1.0,2.0,5.0,1.0,34.0,26.1,-22,Home,Luka Dončić
45,38.0,2024-01-26,24-332,DAL,@,ATL,W (+5),1,44,25.0,33.0,75.8%,8.0,13.0,61.5%,15.0,16.0,93.8%,0.0,10.0,10.0,7.0,1.0,0.0,4.0,1.0,73.0,64.0,13,Away,Luka Dončić
46,39.0,2024-01-27,24-333,DAL,,SAC,L (-5),1,46,9.0,26.0,34.6%,1.0,9.0,11.1%,9.0,12.0,75.0%,2.0,8.0,10.0,17.0,2.0,1.0,3.0,3.0,28.0,26.4,2,Home,Luka Dončić
47,40.0,2024-01-29,24-335,DAL,,ORL,W (+2),1,43,12.0,23.0,52.2%,3.0,8.0,37.5%,18.0,21.0,85.7%,0.0,9.0,9.0,15.0,2.0,0.0,4.0,4.0,45.0,42.1,3,Home,Luka Dončić
49,41.0,2024-02-03,24-340,DAL,,MIL,L (-12),1,42,13.0,26.0,50.0%,4.0,12.0,33.3%,10.0,11.0,90.9%,1.0,8.0,9.0,11.0,1.0,0.0,9.0,4.0,40.0,27.8,-12,Home,Luka Dončić
50,42.0,2024-02-05,24-342,DAL,@,PHI,W (+16),1,35,6.0,15.0,40.0%,4.0,10.0,40.0%,3.0,5.0,60.0%,0.0,8.0,8.0,3.0,1.0,0.0,3.0,3.0,19.0,11.4,17,Away,Luka Dončić
51,43.0,2024-02-06,24-343,DAL,@,BRK,W (+12),1,43,13.0,27.0,48.1%,4.0,11.0,36.4%,5.0,10.0,50.0%,1.0,17.0,18.0,9.0,2.0,1.0,1.0,3.0,35.0,31.9,6,Away,Luka Dončić
52,44.0,2024-02-08,24-345,DAL,@,NYK,W (+14),1,40,13.0,24.0,54.2%,7.0,14.0,50.0%,6.0,7.0,85.7%,0.0,8.0,8.0,11.0,4.0,1.0,3.0,1.0,39.0,38.4,18,Away,Luka Dončić
53,45.0,2024-02-10,24-347,DAL,,OKC,W (+35),1,31,9.0,14.0,64.3%,4.0,8.0,50.0%,10.0,13.0,76.9%,0.0,8.0,8.0,9.0,0.0,0.0,3.0,3.0,32.0,29.1,18,Home,Luka Dončić
54,46.0,2024-02-12,24-349,DAL,,WAS,W (+8),1,37,8.0,16.0,50.0%,2.0,7.0,28.6%,8.0,11.0,72.7%,1.0,10.0,11.0,15.0,1.0,2.0,5.0,3.0,26.0,27.2,19,Home,Luka Dončić
55,47.0,2024-02-14,24-351,DAL,,SAS,W (+23),1,31,11.0,20.0,55.0%,1.0,8.0,12.5%,4.0,4.0,100.0%,0.0,9.0,9.0,8.0,2.0,1.0,5.0,2.0,27.0,22.6,25,Home,Luka Dončić
56,48.0,2024-02-22,24-359,DAL,,PHO,W (+10),1,38,14.0,27.0,51.9%,6.0,11.0,54.5%,7.0,7.0,100.0%,0.0,9.0,9.0,11.0,3.0,0.0,3.0,4.0,41.0,36.5,9,Home,Luka Dončić
57,49.0,2024-02-25,24-362,DAL,@,IND,L (-22),1,33,10.0,21.0,47.6%,4.0,8.0,50.0%,9.0,12.0,75.0%,1.0,5.0,6.0,6.0,1.0,2.0,3.0,4.0,33.0,25.3,-13,Away,Luka Dončić
58,50.0,2024-02-27,24-364,DAL,@,CLE,L (-2),1,41,17.0,29.0,58.6%,6.0,11.0,54.5%,5.0,5.0,100.0%,0.0,9.0,9.0,14.0,3.0,0.0,1.0,1.0,45.0,45.6,13,Away,Luka Dončić
59,51.0,2024-02-28,25-000,DAL,@,TOR,W (+11),1,35,11.0,23.0,47.8%,1.0,8.0,12.5%,7.0,9.0,77.8%,1.0,11.0,12.0,16.0,2.0,0.0,5.0,3.0,30.0,28.5,11,Away,Luka Dončić
60,52.0,2024-03-01,25-002,DAL,@,BOS,L (-28),1,36,14.0,25.0,56.0%,3.0,9.0,33.3%,6.0,8.0,75.0%,3.0,9.0,12.0,11.0,0.0,0.0,2.0,3.0,37.0,33.6,-20,Away,Luka Dončić
61,53.0,2024-03-03,25-004,DAL,,PHI,L (-4),1,40,14.0,27.0,51.9%,4.0,10.0,40.0%,6.0,6.0,100.0%,2.0,9.0,11.0,10.0,1.0,0.0,7.0,2.0,38.0,29.0,9,Home,Luka Dončić
62,54.0,2024-03-05,25-006,DAL,,IND,L (-17),1,42,15.0,30.0,50.0%,4.0,13.0,30.8%,5.0,6.0,83.3%,0.0,10.0,10.0,11.0,0.0,0.0,5.0,4.0,39.0,27.7,-18,Home,Luka Dončić
63,55.0,2024-03-07,25-008,DAL,,MIA,W (+6),1,39,12.0,24.0,50.0%,7.0,13.0,53.8%,4.0,4.0,100.0%,0.0,11.0,11.0,11.0,1.0,0.0,4.0,2.0,35.0,30.2,11,Home,Luka Dončić
64,56.0,2024-03-09,25-010,DAL,@,DET,W (+18),1,36,13.0,24.0,54.2%,4.0,13.0,30.8%,9.0,10.0,90.0%,0.0,10.0,10.0,10.0,3.0,2.0,6.0,1.0,39.0,35.0,13,Away,Luka Dončić
65,57.0,2024-03-11,25-012,DAL,@,CHI,W (+35),1,33,9.0,23.0,39.1%,6.0,15.0,40.0%,3.0,4.0,75.0%,2.0,10.0,12.0,14.0,1.0,0.0,2.0,2.0,27.0,26.5,34,Away,Luka Dončić
66,58.0,2024-03-13,25-014,DAL,,GSW,W (+10),1,29,7.0,18.0,38.9%,1.0,6.0,16.7%,6.0,8.0,75.0%,1.0,2.0,3.0,9.0,0.0,0.0,6.0,0.0,21.0,12.0,14,Home,Luka Dončić
68,59.0,2024-03-17,25-018,DAL,,DEN,W (+2),1,40,12.0,27.0,44.4%,5.0,11.0,45.5%,8.0,10.0,80.0%,4.0,6.0,10.0,3.0,2.0,0.0,3.0,3.0,37.0,26.6,-1,Home,Luka Dončić
69,60.0,2024-03-19,25-020,DAL,@,SAS,W (+6),1,40,6.0,27.0,22.2%,2.0,12.0,16.7%,4.0,5.0,80.0%,0.0,10.0,10.0,16.0,1.0,0.0,4.0,0.0,18.0,12.3,5,Away,Luka Dončić
70,61.0,2024-03-21,25-022,DAL,,UTA,W (+16),1,34,11.0,23.0,47.8%,4.0,10.0,40.0%,8.0,12.0,66.7%,1.0,8.0,9.0,8.0,4.0,0.0,4.0,2.0,34.0,28.6,-3,Home,Luka Dončić
71,62.0,2024-03-25,25-026,DAL,@,UTA,W (+10),1,41,10.0,24.0,41.7%,2.0,11.0,18.2%,7.0,8.0,87.5%,2.0,10.0,12.0,13.0,1.0,1.0,4.0,3.0,29.0,25.8,10,Away,Luka Dončić
72,63.0,2024-03-26,25-027,DAL,@,SAC,W (+36),1,31,10.0,18.0,55.6%,4.0,8.0,50.0%,4.0,5.0,80.0%,1.0,10.0,11.0,6.0,2.0,0.0,4.0,4.0,28.0,23.3,18,Away,Luka Dončić
73,64.0,2024-03-29,25-030,DAL,@,SAC,W (+4),1,40,6.0,14.0,42.9%,4.0,8.0,50.0%,10.0,14.0,71.4%,0.0,9.0,9.0,12.0,2.0,0.0,5.0,2.0,26.0,24.3,6,Away,Luka Dončić
74,65.0,2024-03-31,25-032,DAL,@,HOU,W (+18),1,35,18.0,30.0,60.0%,9.0,16.0,56.3%,2.0,5.0,40.0%,0.0,12.0,12.0,7.0,2.0,0.0,4.0,1.0,47.0,38.1,12,Away,Luka Dončić
75,66.0,2024-04-02,25-034,DAL,@,GSW,L (-4),1,39,11.0,22.0,50.0%,5.0,11.0,45.5%,3.0,4.0,75.0%,1.0,11.0,12.0,11.0,0.0,0.0,5.0,1.0,30.0,24.9,9,Away,Luka Dončić
76,67.0,2024-04-04,25-036,DAL,,ATL,W (+14),1,37,8.0,25.0,32.0%,6.0,15.0,40.0%,3.0,3.0,100.0%,0.0,12.0,12.0,8.0,2.0,1.0,5.0,3.0,25.0,16.4,21,Home,Luka Dončić
78,68.0,2024-04-07,25-039,DAL,,HOU,W (+11),1,45,12.0,21.0,57.1%,4.0,10.0,40.0%,9.0,9.0,100.0%,2.0,7.0,9.0,12.0,0.0,2.0,7.0,5.0,37.0,31.4,20,Home,Luka Dončić
79,69.0,2024-04-09,25-041,DAL,@,CHO,W (+26),1,34,13.0,25.0,52.0%,8.0,17.0,47.1%,5.0,7.0,71.4%,2.0,10.0,12.0,10.0,0.0,1.0,4.0,2.0,39.0,33.2,22,Away,Luka Dončić
80,70.0,2024-04-10,25-042,DAL,@,MIA,W (+19),1,35,9.0,23.0,39.1%,4.0,15.0,26.7%,7.0,8.0,87.5%,1.0,8.0,9.0,9.0,0.0,0.0,3.0,4.0,29.0,20.9,7,Away,Luka Dončić
83,71.0,2024-04-21,25-053,DAL,@,LAC,L (-12),1,42,11.0,26.0,42.3%,4.0,12.0,33.3%,7.0,8.0,87.5%,1.0,12.0,13.0,6.0,1.0,0.0,4.0,1.0,33.0,23.9,3,Away,Luka Dončić
84,72.0,2024-04-23,25-055,DAL,@,LAC,W (+3),1,45,11.0,26.0,42.3%,5.0,14.0,35.7%,5.0,6.0,83.3%,0.0,6.0,6.0,9.0,1.0,1.0,3.0,3.0,32.0,23.4,8,Away,Luka Dončić
85,73.0,2024-04-26,25-058,DAL,,LAC,W (+11),1,40,7.0,25.0,28.0%,3.0,14.0,21.4%,5.0,7.0,71.4%,1.0,9.0,10.0,9.0,2.0,0.0,5.0,2.0,22.0,12.4,11,Home,Luka Dončić
86,74.0,2024-04-28,25-060,DAL,,LAC,L (-5),1,44,10.0,24.0,41.7%,1.0,9.0,11.1%,8.0,10.0,80.0%,4.0,6.0,10.0,10.0,0.0,1.0,3.0,5.0,29.0,22.7,10,Home,Luka Dončić
87,75.0,2024-05-01,25-063,DAL,@,LAC,W (+30),1,39,14.0,26.0,53.8%,2.0,8.0,25.0%,5.0,5.0,100.0%,1.0,6.0,7.0,10.0,1.0,0.0,2.0,4.0,35.0,29.3,28,Away,Luka Dončić
88,76.0,2024-05-03,25-065,DAL,,LAC,W (+13),1,43,9.0,26.0,34.6%,1.0,10.0,10.0%,9.0,11.0,81.8%,1.0,6.0,7.0,13.0,1.0,1.0,5.0,5.0,28.0,18.9,9,Home,Luka Dončić
89,77.0,2024-05-07,25-069,DAL,@,OKC,L (-22),1,40,6.0,19.0,31.6%,1.0,8.0,12.5%,6.0,10.0,60.0%,0.0,6.0,6.0,9.0,2.0,0.0,5.0,0.0,19.0,11.6,-21,Away,Luka Dončić
90,78.0,2024-05-09,25-071,DAL,@,OKC,W (+9),1,41,11.0,21.0,52.4%,5.0,8.0,62.5%,2.0,2.0,100.0%,0.0,10.0,10.0,7.0,3.0,1.0,1.0,0.0,29.0,29.3,6,Away,Luka Dončić
91,79.0,2024-05-11,25-073,DAL,,OKC,W (+4),1,39,7.0,17.0,41.2%,1.0,4.0,25.0%,7.0,10.0,70.0%,3.0,12.0,15.0,5.0,2.0,0.0,4.0,1.0,22.0,18.5,3,Home,Luka Dončić
92,80.0,2024-05-13,25-075,DAL,,OKC,L (-4),1,41,6.0,20.0,30.0%,2.0,9.0,22.2%,4.0,6.0,66.7%,1.0,11.0,12.0,10.0,2.0,1.0,7.0,4.0,18.0,10.7,1,Home,Luka Dončić
93,81.0,2024-05-15,25-077,DAL,@,OKC,W (+12),1,41,12.0,22.0,54.5%,5.0,11.0,45.5%,2.0,3.0,66.7%,0.0,10.0,10.0,11.0,0.0,1.0,3.0,3.0,31.0,27.2,13,Away,Luka Dončić
94,82.0,2024-05-18,25-080,DAL,,OKC,W (+1),1,44,9.0,15.0,60.0%,4.0,6.0,66.7%,7.0,7.0,100.0%,0.0,10.0,10.0,10.0,2.0,0.0,7.0,4.0,29.0,25.5,7,Home,Luka Dončić
95,83.0,2024-05-22,25-084,DAL,@,MIN,W (+3),1,40,12.0,26.0,46.2%,3.0,10.0,30.0%,6.0,7.0,85.7%,0.0,6.0,6.0,8.0,3.0,1.0,4.0,2.0,33.0,25.5,-9,Away,Luka Dončić
96,84.0,2024-05-24,25-086,DAL,@,MIN,W (+1),1,41,10.0,23.0,43.5%,5.0,11.0,45.5%,7.0,7.0,100.0%,1.0,9.0,10.0,13.0,0.0,0.0,4.0,0.0,32.0,28.4,6,Away,Luka Dončić
97,85.0,2024-05-26,25-088,DAL,,MIN,W (+9),1,41,10.0,20.0,50.0%,5.0,11.0,45.5%,8.0,10.0,80.0%,1.0,6.0,7.0,5.0,5.0,1.0,3.0,2.0,33.0,30.1,6,Home,Luka Dončić
98,86.0,2024-05-28,25-090,DAL,,MIN,L (-5),1,40,7.0,21.0,33.3%,4.0,11.0,36.4%,10.0,12.0,83.3%,2.0,13.0,15.0,10.0,1.0,0.0,3.0,4.0,28.0,24.0,-13,Home,Luka Dončić
99,87.0,2024-05-30,25-092,DAL,@,MIN,W (+21),1,36,14.0,22.0,63.6%,6.0,10.0,60.0%,2.0,3.0,66.7%,0.0,10.0,10.0,5.0,2.0,0.0,4.0,2.0,36.0,29.5,22,Away,Luka Dončić
100,88.0,2024-06-06,25-099,DAL,@,BOS,L (-18),1,38,12.0,26.0,46.2%,4.0,12.0,33.3%,2.0,5.0,40.0%,0.0,10.0,10.0,1.0,2.0,0.0,4.0,1.0,30.0,16.7,-10,Away,Luka Dončić
101,89.0,2024-06-09,25-102,DAL,@,BOS,L (-7),1,42,12.0,21.0,57.1%,4.0,9.0,44.4%,4.0,8.0,50.0%,0.0,11.0,11.0,11.0,4.0,0.0,8.0,1.0,32.0,27.1,c,Away,Luka Dončić
1,1.0,2023-10-25,25-236,BOS,@,NYK,W (+4),1,38,13.0,22.0,59.1%,3.0,8.0,37.5%,5.0,6.0,83.3%,0.0,11.0,11.0,4.0,2.0,1.0,4.0,3.0,34.0,27.0,0.0,Away,Jayson Tatum
2,2.0,2023-10-27,25-238,BOS,,MIA,W (+8),1,41,9.0,22.0,40.9%,3.0,10.0,30.0%,1.0,3.0,33.3%,0.0,8.0,8.0,5.0,1.0,0.0,2.0,4.0,22.0,12.7,13.0,Home,Jayson Tatum
3,3.0,2023-10-30,25-241,BOS,@,WAS,W (+19),1,27,14.0,21.0,66.7%,4.0,9.0,44.4%,1.0,1.0,100.0%,0.0,6.0,6.0,3.0,0.0,0.0,2.0,2.0,33.0,25.0,27.0,Away,Jayson Tatum
4,4.0,2023-11-01,25-243,BOS,,IND,W (+51),1,26,9.0,15.0,60.0%,3.0,5.0,60.0%,9.0,10.0,90.0%,2.0,10.0,12.0,4.0,0.0,0.0,2.0,1.0,30.0,27.5,36.0,Home,Jayson Tatum
5,5.0,2023-11-04,25-246,BOS,@,BRK,W (+10),1,40,10.0,20.0,50.0%,6.0,10.0,60.0%,6.0,6.0,100.0%,1.0,10.0,11.0,1.0,0.0,0.0,3.0,1.0,32.0,23.0,18.0,Away,Jayson Tatum
6,6.0,2023-11-06,25-248,BOS,@,MIN,L (-5),1,42,12.0,22.0,54.5%,2.0,8.0,25.0%,6.0,8.0,75.0%,0.0,5.0,5.0,2.0,5.0,0.0,6.0,2.0,32.0,21.7,3.0,Away,Jayson Tatum
7,7.0,2023-11-08,25-250,BOS,@,PHI,L (-3),1,37,6.0,14.0,42.9%,2.0,6.0,33.3%,2.0,3.0,66.7%,1.0,14.0,15.0,6.0,3.0,0.0,2.0,2.0,16.0,17.5,-1.0,Away,Jayson Tatum
8,8.0,2023-11-10,25-252,BOS,,BRK,W (+14),1,33,6.0,17.0,35.3%,4.0,11.0,36.4%,7.0,9.0,77.8%,1.0,9.0,10.0,3.0,0.0,0.0,2.0,1.0,23.0,15.8,28.0,Home,Jayson Tatum
9,9.0,2023-11-11,25-253,BOS,,TOR,W (+23),1,34,10.0,18.0,55.6%,3.0,9.0,33.3%,4.0,6.0,66.7%,0.0,5.0,5.0,4.0,0.0,1.0,1.0,2.0,27.0,20.8,42.0,Home,Jayson Tatum
10,10.0,2023-11-13,25-255,BOS,,NYK,W (+16),1,39,13.0,23.0,56.5%,5.0,12.0,41.7%,4.0,5.0,80.0%,1.0,5.0,6.0,7.0,1.0,0.0,3.0,5.0,35.0,26.8,12.0,Home,Jayson Tatum
11,11.0,2023-11-15,25-257,BOS,@,PHI,W (+10),1,38,10.0,23.0,43.5%,4.0,10.0,40.0%,5.0,6.0,83.3%,2.0,6.0,8.0,6.0,2.0,0.0,3.0,1.0,29.0,22.5,2.0,Away,Jayson Tatum
13,13.0,2023-11-19,25-261,BOS,@,MEM,W (+2),1,35,7.0,13.0,53.8%,1.0,1.0,100.0%,5.0,6.0,83.3%,2.0,7.0,9.0,5.0,1.0,1.0,8.0,4.0,20.0,12.4,-1.0,Away,Jayson Tatum
14,14.0,2023-11-20,25-262,BOS,@,CHO,L (-3),1,43,15.0,28.0,53.6%,7.0,15.0,46.7%,8.0,10.0,80.0%,0.0,13.0,13.0,6.0,0.0,2.0,3.0,1.0,45.0,36.7,-5.0,Away,Jayson Tatum
15,15.0,2023-11-22,25-264,BOS,,MIL,W (+3),1,36,7.0,17.0,41.2%,2.0,9.0,22.2%,7.0,9.0,77.8%,0.0,11.0,11.0,4.0,0.0,1.0,2.0,2.0,23.0,17.1,-2.0,Home,Jayson Tatum
16,16.0,2023-11-24,25-266,BOS,@,ORL,L (-17),1,38,7.0,16.0,43.8%,0.0,3.0,0.0%,12.0,13.0,92.3%,0.0,5.0,5.0,3.0,2.0,0.0,2.0,3.0,26.0,19.6,-21.0,Away,Jayson Tatum
17,17.0,2023-11-26,25-268,BOS,,ATL,W (+10),1,38,11.0,25.0,44.0%,5.0,13.0,38.5%,7.0,10.0,70.0%,1.0,8.0,9.0,4.0,2.0,0.0,6.0,2.0,34.0,20.8,3.0,Home,Jayson Tatum
18,18.0,2023-11-28,25-270,BOS,,CHI,W (+27),1,35,8.0,16.0,50.0%,2.0,8.0,25.0%,3.0,3.0,100.0%,1.0,6.0,7.0,4.0,0.0,0.0,4.0,2.0,21.0,13.5,18.0,Home,Jayson Tatum
19,19.0,2023-12-01,25-273,BOS,,PHI,W (+6),1,27,6.0,9.0,66.7%,2.0,5.0,40.0%,7.0,9.0,77.8%,0.0,7.0,7.0,4.0,1.0,1.0,7.0,1.0,21.0,15.5,-7.0,Home,Jayson Tatum
20,20.0,2023-12-04,25-276,BOS,@,IND,L (-10),1,37,13.0,26.0,50.0%,2.0,8.0,25.0%,4.0,7.0,57.1%,1.0,11.0,12.0,6.0,1.0,0.0,2.0,2.0,32.0,24.2,-14.0,Away,Jayson Tatum
21,21.0,2023-12-08,25-280,BOS,,NYK,W (+10),1,38,8.0,18.0,44.4%,3.0,9.0,33.3%,6.0,8.0,75.0%,0.0,6.0,6.0,5.0,1.0,0.0,0.0,3.0,25.0,19.9,17.0,Home,Jayson Tatum
22,22.0,2023-12-12,25-284,BOS,,CLE,W (+7),1,40,7.0,19.0,36.8%,2.0,9.0,22.2%,9.0,9.0,100.0%,0.0,10.0,10.0,5.0,0.0,2.0,4.0,3.0,25.0,17.2,9.0,Home,Jayson Tatum
23,23.0,2023-12-14,25-286,BOS,,CLE,W (+9),1,36,9.0,22.0,40.9%,3.0,10.0,30.0%,6.0,8.0,75.0%,3.0,8.0,11.0,3.0,0.0,3.0,3.0,1.0,27.0,19.7,2.0,Home,Jayson Tatum
24,24.0,2023-12-15,25-287,BOS,,ORL,W (+17),1,38,11.0,22.0,50.0%,2.0,9.0,22.2%,6.0,9.0,66.7%,0.0,6.0,6.0,4.0,0.0,0.0,2.0,3.0,30.0,19.2,14.0,Home,Jayson Tatum
25,25.0,2023-12-17,25-289,BOS,,ORL,W (+17),1,30,8.0,21.0,38.1%,4.0,6.0,66.7%,3.0,4.0,75.0%,3.0,5.0,8.0,3.0,0.0,1.0,1.0,3.0,23.0,15.3,9.0,Home,Jayson Tatum
26,26.0,2023-12-19,25-291,BOS,@,GSW,L (-6),1,40,5.0,17.0,29.4%,2.0,9.0,22.2%,3.0,3.0,100.0%,3.0,5.0,8.0,7.0,2.0,0.0,0.0,0.0,15.0,15.6,-9.0,Away,Jayson Tatum
28,27.0,2023-12-23,25-295,BOS,@,LAC,W (+37),1,30,9.0,16.0,56.3%,5.0,10.0,50.0%,7.0,9.0,77.8%,0.0,4.0,4.0,2.0,1.0,0.0,2.0,0.0,30.0,23.2,19.0,Away,Jayson Tatum
29,28.0,2023-12-25,25-297,BOS,@,LAL,W (+11),1,41,6.0,15.0,40.0%,1.0,6.0,16.7%,12.0,13.0,92.3%,0.0,8.0,8.0,7.0,0.0,1.0,1.0,0.0,25.0,23.5,10.0,Away,Jayson Tatum
30,29.0,2023-12-28,25-300,BOS,,DET,W (+6),1,43,11.0,31.0,35.5%,2.0,11.0,18.2%,7.0,8.0,87.5%,2.0,5.0,7.0,10.0,5.0,0.0,3.0,4.0,31.0,23.6,10.0,Home,Jayson Tatum
33,31.0,2024-01-02,25-305,BOS,@,OKC,L (-4),1,37,10.0,21.0,47.6%,2.0,5.0,40.0%,8.0,10.0,80.0%,5.0,8.0,13.0,8.0,1.0,0.0,4.0,3.0,30.0,25.8,0.0,Away,Jayson Tatum
34,32.0,2024-01-05,25-308,BOS,,UTA,W (+29),1,24,6.0,12.0,50.0%,5.0,8.0,62.5%,13.0,14.0,92.9%,0.0,9.0,9.0,5.0,1.0,1.0,1.0,1.0,30.0,30.1,34.0,Home,Jayson Tatum
35,33.0,2024-01-06,25-309,BOS,@,IND,W (+17),1,37,14.0,23.0,60.9%,8.0,13.0,61.5%,2.0,4.0,50.0%,1.0,12.0,13.0,6.0,1.0,0.0,4.0,4.0,38.0,30.6,19.0,Away,Jayson Tatum
37,34.0,2024-01-10,25-313,BOS,,MIN,W (+7),1,42,13.0,26.0,50.0%,6.0,11.0,54.5%,13.0,14.0,92.9%,0.0,4.0,4.0,2.0,1.0,0.0,1.0,3.0,45.0,33.0,3.0,Home,Jayson Tatum
38,35.0,2024-01-11,25-314,BOS,@,MIL,L (-33),1,15,2.0,6.0,33.3%,0.0,1.0,0.0%,3.0,4.0,75.0%,0.0,1.0,1.0,3.0,0.0,0.0,1.0,2.0,7.0,3.8,-31.0,Away,Jayson Tatum
39,36.0,2024-01-13,25-316,BOS,,HOU,W (+32),1,29,9.0,17.0,52.9%,4.0,7.0,57.1%,5.0,7.0,71.4%,1.0,7.0,8.0,5.0,1.0,1.0,2.0,2.0,27.0,23.1,9.0,Home,Jayson Tatum
40,37.0,2024-01-15,25-318,BOS,@,TOR,W (+9),1,37,7.0,19.0,36.8%,1.0,6.0,16.7%,4.0,4.0,100.0%,0.0,14.0,14.0,6.0,1.0,1.0,1.0,2.0,19.0,16.8,8.0,Away,Jayson Tatum
41,38.0,2024-01-17,25-320,BOS,,SAS,W (+19),1,31,9.0,21.0,42.9%,3.0,8.0,37.5%,3.0,5.0,60.0%,0.0,5.0,5.0,2.0,0.0,0.0,2.0,2.0,24.0,12.2,11.0,Home,Jayson Tatum
42,39.0,2024-01-19,25-322,BOS,,DEN,L (-2),1,38,9.0,24.0,37.5%,1.0,8.0,12.5%,3.0,3.0,100.0%,2.0,6.0,8.0,5.0,1.0,0.0,0.0,1.0,22.0,16.1,6.0,Home,Jayson Tatum
43,40.0,2024-01-21,25-324,BOS,@,HOU,W (+9),1,35,4.0,17.0,23.5%,1.0,6.0,16.7%,9.0,12.0,75.0%,1.0,6.0,7.0,3.0,1.0,0.0,2.0,0.0,18.0,10.1,-4.0,Away,Jayson Tatum
44,41.0,2024-01-22,25-325,BOS,@,DAL,W (+9),1,40,11.0,21.0,52.4%,2.0,8.0,25.0%,15.0,19.0,78.9%,0.0,11.0,11.0,5.0,3.0,2.0,0.0,4.0,39.0,36.7,27.0,Away,Jayson Tatum
45,42.0,2024-01-25,25-328,BOS,@,MIA,W (+33),1,32,7.0,15.0,46.7%,3.0,7.0,42.9%,9.0,10.0,90.0%,1.0,7.0,8.0,4.0,0.0,0.0,1.0,1.0,26.0,22.1,22.0,Away,Jayson Tatum
46,43.0,2024-01-27,25-330,BOS,,LAC,L (-19),1,30,8.0,18.0,44.4%,2.0,4.0,50.0%,3.0,3.0,100.0%,3.0,8.0,11.0,1.0,0.0,1.0,3.0,2.0,21.0,13.7,-32.0,Home,Jayson Tatum
47,44.0,2024-01-29,25-332,BOS,,NOP,W (+6),1,37,10.0,18.0,55.6%,2.0,8.0,25.0%,6.0,7.0,85.7%,0.0,10.0,10.0,8.0,3.0,1.0,7.0,1.0,28.0,23.9,9.0,Home,Jayson Tatum
48,45.0,2024-01-30,25-333,BOS,,IND,W (+5),1,38,12.0,19.0,63.2%,4.0,9.0,44.4%,2.0,3.0,66.7%,0.0,7.0,7.0,7.0,1.0,2.0,2.0,2.0,30.0,27.7,-4.0,Home,Jayson Tatum
49,46.0,2024-02-01,25-335,BOS,,LAL,L (-9),1,36,8.0,21.0,38.1%,5.0,10.0,50.0%,2.0,2.0,100.0%,2.0,5.0,7.0,3.0,1.0,1.0,2.0,3.0,23.0,15.0,-12.0,Home,Jayson Tatum
50,47.0,2024-02-04,25-338,BOS,,MEM,W (+40),1,30,12.0,22.0,54.5%,6.0,12.0,50.0%,4.0,4.0,100.0%,1.0,7.0,8.0,7.0,1.0,0.0,2.0,1.0,34.0,29.7,27.0,Home,Jayson Tatum
51,48.0,2024-02-07,25-341,BOS,,ATL,W (+8),1,35,8.0,21.0,38.1%,2.0,13.0,15.4%,2.0,2.0,100.0%,0.0,9.0,9.0,7.0,1.0,0.0,3.0,3.0,20.0,12.9,3.0,Home,Jayson Tatum
52,49.0,2024-02-09,25-343,BOS,,WAS,W (+4),1,38,12.0,22.0,54.5%,3.0,10.0,30.0%,8.0,9.0,88.9%,1.0,9.0,10.0,8.0,1.0,2.0,2.0,1.0,35.0,33.0,9.0,Home,Jayson Tatum
53,50.0,2024-02-11,25-345,BOS,@,MIA,W (+4),1,38,11.0,20.0,55.0%,2.0,6.0,33.3%,2.0,2.0,100.0%,1.0,9.0,10.0,9.0,0.0,2.0,1.0,1.0,26.0,26.1,5.0,Away,Jayson Tatum
54,51.0,2024-02-13,25-347,BOS,@,BRK,W (+8),1,38,14.0,26.0,53.8%,5.0,11.0,45.5%,8.0,8.0,100.0%,0.0,14.0,14.0,5.0,2.0,1.0,2.0,3.0,41.0,35.6,21.0,Away,Jayson Tatum
55,52.0,2024-02-14,25-348,BOS,,BRK,W (+50),1,28,7.0,16.0,43.8%,2.0,7.0,28.6%,4.0,5.0,80.0%,1.0,6.0,7.0,9.0,0.0,0.0,1.0,0.0,20.0,19.0,27.0,Home,Jayson Tatum
56,53.0,2024-02-22,25-356,BOS,@,CHI,W (+17),1,34,8.0,17.0,47.1%,5.0,10.0,50.0%,4.0,6.0,66.7%,0.0,7.0,7.0,5.0,3.0,0.0,3.0,3.0,25.0,19.9,13.0,Away,Jayson Tatum
57,54.0,2024-02-24,25-358,BOS,@,NYK,W (+14),1,43,7.0,15.0,46.7%,2.0,8.0,25.0%,3.0,4.0,75.0%,1.0,5.0,6.0,6.0,2.0,1.0,4.0,3.0,19.0,14.8,15.0,Away,Jayson Tatum
58,55.0,2024-02-27,25-361,BOS,,PHI,W (+18),1,34,9.0,20.0,45.0%,1.0,7.0,14.3%,10.0,11.0,90.9%,0.0,11.0,11.0,8.0,0.0,1.0,1.0,1.0,29.0,26.4,27.0,Home,Jayson Tatum
59,56.0,2024-03-01,25-364,BOS,,DAL,W (+28),1,37,10.0,19.0,52.6%,5.0,9.0,55.6%,7.0,7.0,100.0%,0.0,8.0,8.0,3.0,0.0,0.0,4.0,2.0,32.0,22.4,17.0,Home,Jayson Tatum
60,57.0,2024-03-03,26-000,BOS,,GSW,W (+52),1,25,9.0,13.0,69.2%,4.0,5.0,80.0%,5.0,5.0,100.0%,0.0,3.0,3.0,5.0,1.0,1.0,0.0,2.0,27.0,26.8,40.0,Home,Jayson Tatum
61,58.0,2024-03-05,26-002,BOS,@,CLE,L (-1),1,37,8.0,21.0,38.1%,5.0,9.0,55.6%,5.0,6.0,83.3%,2.0,11.0,13.0,2.0,0.0,0.0,2.0,3.0,26.0,17.0,-7.0,Away,Jayson Tatum
62,59.0,2024-03-07,26-004,BOS,@,DEN,L (-6),1,38,5.0,13.0,38.5%,2.0,5.0,40.0%,3.0,4.0,75.0%,1.0,3.0,4.0,8.0,2.0,0.0,5.0,4.0,15.0,10.1,-2.0,Away,Jayson Tatum
63,60.0,2024-03-09,26-006,BOS,@,PHO,W (+10),1,42,11.0,28.0,39.3%,5.0,9.0,55.6%,2.0,2.0,100.0%,3.0,7.0,10.0,7.0,1.0,0.0,4.0,0.0,29.0,19.9,4.0,Away,Jayson Tatum
64,61.0,2024-03-11,26-008,BOS,@,POR,W (+22),1,35,9.0,23.0,39.1%,2.0,8.0,25.0%,6.0,8.0,75.0%,0.0,5.0,5.0,8.0,0.0,0.0,1.0,0.0,26.0,18.8,16.0,Away,Jayson Tatum
65,62.0,2024-03-12,26-009,BOS,@,UTA,W (+16),1,34,13.0,25.0,52.0%,4.0,10.0,40.0%,8.0,8.0,100.0%,2.0,4.0,6.0,2.0,0.0,1.0,3.0,3.0,38.0,26.2,8.0,Away,Jayson Tatum
66,63.0,2024-03-14,26-011,BOS,,PHO,W (+15),1,33,10.0,18.0,55.6%,4.0,8.0,50.0%,2.0,3.0,66.7%,1.0,4.0,5.0,5.0,0.0,0.0,3.0,3.0,26.0,18.2,26.0,Home,Jayson Tatum
67,64.0,2024-03-17,26-014,BOS,@,WAS,W (+26),1,26,8.0,17.0,47.1%,6.0,12.0,50.0%,8.0,10.0,80.0%,0.0,6.0,6.0,6.0,3.0,1.0,2.0,1.0,30.0,27.8,26.0,Away,Jayson Tatum
69,65.0,2024-03-20,26-017,BOS,,MIL,W (+3),1,39,9.0,19.0,47.4%,4.0,7.0,57.1%,9.0,10.0,90.0%,0.0,8.0,8.0,4.0,3.0,2.0,2.0,2.0,31.0,27.7,2.0,Home,Jayson Tatum
71,66.0,2024-03-23,26-020,BOS,@,CHI,W (+11),1,37,8.0,20.0,40.0%,2.0,7.0,28.6%,8.0,9.0,88.9%,1.0,1.0,2.0,6.0,1.0,1.0,5.0,1.0,26.0,16.3,5.0,Away,Jayson Tatum
72,67.0,2024-03-25,26-022,BOS,@,ATL,L (-2),1,39,13.0,26.0,50.0%,2.0,7.0,28.6%,9.0,11.0,81.8%,2.0,6.0,8.0,5.0,2.0,1.0,2.0,1.0,37.0,30.2,3.0,Away,Jayson Tatum
73,68.0,2024-03-28,26-025,BOS,@,ATL,L (-1),1,45,9.0,22.0,40.9%,2.0,7.0,28.6%,11.0,13.0,84.6%,3.0,10.0,13.0,6.0,0.0,0.0,2.0,3.0,31.0,24.5,-11.0,Away,Jayson Tatum
75,70.0,2024-04-01,26-029,BOS,@,CHO,W (+14),1,34,9.0,19.0,47.4%,4.0,10.0,40.0%,3.0,3.0,100.0%,0.0,10.0,10.0,4.0,2.0,1.0,4.0,2.0,25.0,19.0,14.0,Away,Jayson Tatum
76,71.0,2024-04-03,26-031,BOS,,OKC,W (+35),1,28,7.0,15.0,46.7%,2.0,5.0,40.0%,8.0,8.0,100.0%,3.0,4.0,7.0,3.0,1.0,0.0,0.0,2.0,24.0,21.9,14.0,Home,Jayson Tatum
77,72.0,2024-04-05,26-033,BOS,,SAC,W (+1),1,32,5.0,15.0,33.3%,1.0,6.0,16.7%,6.0,8.0,75.0%,0.0,6.0,6.0,5.0,0.0,0.0,3.0,0.0,17.0,10.0,14.0,Home,Jayson Tatum
80,74.0,2024-04-11,26-039,BOS,,NYK,L (-9),1,31,5.0,13.0,38.5%,1.0,7.0,14.3%,7.0,9.0,77.8%,1.0,3.0,4.0,7.0,2.0,1.0,2.0,3.0,18.0,16.1,-30.0,Home,Jayson Tatum
83,75.0,2024-04-21,26-049,BOS,,MIA,W (+20),1,41,7.0,18.0,38.9%,1.0,8.0,12.5%,8.0,8.0,100.0%,1.0,9.0,10.0,10.0,2.0,0.0,3.0,4.0,23.0,21.0,3.0,Home,Jayson Tatum
84,76.0,2024-04-24,26-052,BOS,,MIA,L (-10),1,41,10.0,20.0,50.0%,2.0,6.0,33.3%,6.0,8.0,75.0%,0.0,8.0,8.0,3.0,0.0,1.0,3.0,3.0,28.0,18.2,6.0,Home,Jayson Tatum
85,77.0,2024-04-27,26-055,BOS,@,MIA,W (+20),1,38,6.0,16.0,37.5%,2.0,7.0,28.6%,8.0,12.0,66.7%,0.0,11.0,11.0,6.0,0.0,1.0,0.0,3.0,22.0,18.6,22.0,Away,Jayson Tatum
86,78.0,2024-04-29,26-057,BOS,@,MIA,W (+14),1,37,5.0,14.0,35.7%,2.0,6.0,33.3%,8.0,8.0,100.0%,0.0,11.0,11.0,5.0,0.0,0.0,1.0,3.0,20.0,16.8,12.0,Away,Jayson Tatum
87,79.0,2024-05-01,26-059,BOS,,MIA,W (+34),1,32,4.0,9.0,44.4%,2.0,4.0,50.0%,6.0,9.0,66.7%,0.0,12.0,12.0,3.0,0.0,1.0,2.0,2.0,16.0,13.7,35.0,Home,Jayson Tatum
88,80.0,2024-05-07,26-065,BOS,,CLE,W (+25),1,34,7.0,19.0,36.8%,0.0,5.0,0.0%,4.0,4.0,100.0%,2.0,9.0,11.0,5.0,0.0,3.0,1.0,3.0,18.0,15.0,18.0,Home,Jayson Tatum
89,81.0,2024-05-09,26-067,BOS,,CLE,L (-24),1,37,7.0,17.0,41.2%,2.0,5.0,40.0%,9.0,11.0,81.8%,0.0,7.0,7.0,6.0,1.0,0.0,1.0,3.0,25.0,20.2,-22.0,Home,Jayson Tatum
90,82.0,2024-05-11,26-069,BOS,@,CLE,W (+13),1,41,11.0,25.0,44.0%,2.0,8.0,25.0%,9.0,9.0,100.0%,1.0,12.0,13.0,6.0,1.0,1.0,5.0,2.0,33.0,24.3,8.0,Away,Jayson Tatum
91,83.0,2024-05-13,26-071,BOS,@,CLE,W (+7),1,43,11.0,25.0,44.0%,2.0,8.0,25.0%,9.0,9.0,100.0%,2.0,9.0,11.0,5.0,2.0,1.0,4.0,2.0,33.0,25.4,6.0,Away,Jayson Tatum
92,84.0,2024-05-15,26-073,BOS,,CLE,W (+15),1,43,9.0,16.0,56.3%,3.0,7.0,42.9%,4.0,4.0,100.0%,0.0,10.0,10.0,9.0,4.0,0.0,1.0,3.0,25.0,28.5,18.0,Home,Jayson Tatum
93,85.0,2024-05-21,26-079,BOS,,IND,W (+5),1,45,12.0,26.0,46.2%,2.0,8.0,25.0%,10.0,12.0,83.3%,2.0,10.0,12.0,4.0,3.0,0.0,4.0,4.0,36.0,26.4,20.0,Home,Jayson Tatum
94,86.0,2024-05-23,26-081,BOS,,IND,W (+16),1,42,9.0,20.0,45.0%,1.0,7.0,14.3%,4.0,4.0,100.0%,1.0,5.0,6.0,5.0,0.0,0.0,4.0,3.0,23.0,13.1,0.0,Home,Jayson Tatum
95,87.0,2024-05-25,26-083,BOS,@,IND,W (+3),1,43,12.0,23.0,52.2%,5.0,10.0,50.0%,7.0,11.0,63.6%,1.0,9.0,10.0,8.0,1.0,2.0,0.0,3.0,36.0,33.3,9.0,Away,Jayson Tatum
96,88.0,2024-05-27,26-085,BOS,@,IND,W (+3),1,43,11.0,26.0,42.3%,3.0,11.0,27.3%,1.0,1.0,100.0%,3.0,10.0,13.0,8.0,1.0,0.0,5.0,5.0,26.0,16.9,6.0,Away,Jayson Tatum
97,89.0,2024-06-06,26-095,BOS,,DAL,W (+18),1,42,6.0,16.0,37.5%,3.0,7.0,42.9%,1.0,2.0,50.0%,2.0,9.0,11.0,5.0,0.0,1.0,6.0,1.0,16.0,8.7,19.0,Home,Jayson Tatum
98,90.0,2024-06-09,26-098,BOS,,DAL,W (+7),1,45,6.0,22.0,27.3%,1.0,7.0,14.3%,5.0,6.0,83.3%,1.0,8.0,9.0,12.0,1.0,0.0,3.0,2.0,18.0,13.3,6.0,Home,Jayson Tatum
